Subrahmanyan,04-12-1997,201046007,sub@gmail.com,Karnataka
Abhishek,15-10-1997,201051007,abhi@gmail.com,Delhi
Thejas,25-5-1997,201046013,thejas@gmail.com,AndhraPradesh
Rakhesh,22-03-1997,201051023,rakhi@gmail.com,Maharashtra
Shanthkumar,14-03-1999,201046049,shanthu@gmail.com,Gujarat
kiran,21-10-1997,2010156001,kiran@gmail.com,WestBengal
Anupam,05-09-1993,201056002,anupam@gmail.com,Rajasthan
Chandan,13-02-1997,201046003,chandan@gmail.com,Punjab
